{"uncertainties": [[-0.1, 0.1], [-0.1, 0.1], [-0.1, 0.1], [-0.1, 0.1]], "axis_titles": ["LumiSpec_GP", "Offset_time", "Luminosity/LumiSpec_GP"], "values": [0.06827885856967594, 0.06502666895398154, 0.0660720394939484, 0.06384474861855802], "binning": [[0.95, 1.0], [1.0, 1.05], [1.05, 4.45], [4.45, 4.6]], "type": ["histogram"]}