{"uncertainties": [[-0.1, 0.1], [-0.1, 0.1], [-0.1, 0.1], [-0.1, 0.1], [-0.1, 0.1], [-0.1, 0.1], [-0.1, 0.1], [-0.1, 0.1], [-0.1, 0.1], [-0.1, 0.1], [-0.1, 0.1], [-0.1, 0.1], [-0.1, 0.1], [-0.1, 0.1], [-0.1, 0.1], [-0.1, 0.1], [-0.1, 0.1], [-0.1, 0.1], [-0.1, 0.1], [-0.1, 0.1], [-0.1, 0.1], [-0.1, 0.1], [-0.1, 0.1], [-0.1, 0.1], [-0.1, 0.1], [-0.1, 0.1], [-0.1, 0.1], [-0.1, 0.1], [-0.1, 0.1], [-0.1, 0.1], [-0.1, 0.1], [-0.1, 0.1], [-0.1, 0.1], [-0.1, 0.1], [-0.1, 0.1], [-0.1, 0.1], [-0.1, 0.1], [-0.1, 0.1], [-0.1, 0.1], [-0.1, 0.1], [-0.1, 0.1], [-0.1, 0.1], [-0.1, 0.1], [-0.1, 0.1], [-0.1, 0.1], [-0.1, 0.1], [-0.1, 0.1], [-0.1, 0.1], [-0.1, 0.1], [-0.1, 0.1], [-0.1, 0.1], [-0.1, 0.1], [-0.1, 0.1], [-0.1, 0.1], [-0.1, 0.1], [-0.1, 0.1], [-0.1, 0.1], [-0.1, 0.1], [-0.1, 0.1], [-0.1, 0.1], [-0.1, 0.1], [-0.1, 0.1], [-0.1, 0.1], [-0.1, 0.1], [-0.1, 0.1], [-0.1, 0.1], [-0.1, 0.1], [-0.1, 0.1], [-0.1, 0.1], [-0.1, 0.1], [-0.1, 0.1], [-0.1, 0.1], [-0.1, 0.1], [-0.1, 0.1], [-0.1, 0.1], [-0.1, 0.1], [-0.1, 0.1], [-0.1, 0.1], [-0.1, 0.1], [-0.1, 0.1], [-0.1, 0.1], [-0.1, 0.1], [-0.1, 0.1], [-0.1, 0.1], [-0.1, 0.1], [-0.1, 0.1], [-0.1, 0.1], [-0.1, 0.1], [-0.1, 0.1], [-0.1, 0.1], [-0.1, 0.1], [-0.1, 0.1], [-0.1, 0.1], [-0.1, 0.1], [-0.1, 0.1], [-0.1, 0.1], [-0.1, 0.1], [-0.1, 0.1], [-0.1, 0.1], [-0.1, 0.1], [-0.1, 0.1], [-0.1, 0.1], [-0.1, 0.1], [-0.1, 0.1], [-0.1, 0.1], [-0.1, 0.1], [-0.1, 0.1], [-0.1, 0.1], [-0.1, 0.1], [-0.1, 0.1], [-0.1, 0.1], [-0.1, 0.1], [-0.1, 0.1], [-0.1, 0.1]], "axis_titles": ["PileUp", "Offset_time", "Luminosity/PileUp"], "values": [1.038206962250535, 1.0380667001031538, 1.0380859020677933, 1.038066587198197, 1.0381109903895984, 1.0381708555614697, 1.0380560267191918, 1.0380210995574763, 1.0379456830169498, 1.0380576801085435, 1.0379278482283696, 1.0379477547273266, 1.0379467343277844, 1.037966519885117, 1.0379429343996929, 1.0378813872720178, 1.0379605509221468, 1.0347170375476125, 1.033044260976212, 1.0329715005556268, 1.0329911780634817, 1.0329757743052252, 1.0330024010137568, 1.0329793139685608, 1.0328600458446568, 1.0328735311916293, 1.032899671365055, 1.0329399213935722, 1.0329382801760048, 1.0328988155390353, 1.0329207108547365, 1.0328394603254354, 1.0329282032709677, 1.032871622311476, 1.0327351480362603, 1.032868435032681, 1.0327937014841004, 1.0327718168430293, 1.0328045516020812, 1.032824471401985, 1.032742444640408, 1.0327493762007232, 1.0327928726050426, 1.0328331291439232, 1.0327513900545713, 1.0326653014499092, 1.032830311340417, 1.0327400048878022, 1.0327957258821114, 1.0327217585578168, 1.0327818756687381, 1.03276728678242, 1.0328726880484127, 1.0328177758867592, 1.0328354467054859, 1.032940368417149, 1.032861278907214, 1.0328466903610347, 1.0328458606707935, 1.03288488107285, 1.03282120063146, 1.0328913566446263, 1.032809539040939, 1.032744820959298, 1.0328451225476254, 1.0328598654496957, 1.0328462337128588, 1.0328055246885044, 1.0328167246292654, 1.0328720575406385, 1.0327555866844753, 1.0327746486732134, 1.0327880158041227, 1.0328343074875, 1.0328706717863387, 1.0327803014839787, 1.0328940437793563, 1.032704285583248, 1.032761996378881, 1.032742594830275, 1.0327857045764393, 1.032765775690836, 1.0328360728817434, 1.0329094844680753, 1.032847554516677, 1.032815890533202, 1.0328215232129623, 1.032795852505569, 1.0327330375874755, 1.0328072889175375, 1.032824852828861, 1.0327198204520267, 1.0327701551125263, 1.0327933379023486, 1.0326953550305502, 1.0327110699970339, 1.0326134364941448, 1.0326500027636314, 1.0327173165218084, 1.0327251340319286, 1.0326932530317434, 1.0326739276959374, 1.0327106678312181, 1.0327254507697916, 1.0327234498204874, 1.0326668173034457, 1.0327001649141767, 1.0326420915877152, 1.0327012510789118, 1.0327006622425547, 1.0326771525271765, 1.0327517105990562, 1.0327503547544545, 1.0328229120530716], "binning": [[-0.2, 0.0], [0.0, 0.2], [0.2, 0.25], [0.25, 0.3], [0.3, 0.35], [0.35, 0.4], [0.4, 0.45], [0.45, 0.5], [0.5, 0.55], [0.55, 0.6], [0.6, 0.65], [0.65, 0.7], [0.7, 0.75], [0.75, 0.8], [0.8, 0.85], [0.85, 0.9], [0.9, 0.95], [0.95, 1.0], [1.0, 1.05], [1.05, 1.1], [1.1, 1.15], [1.15, 1.2], [1.2, 1.25], [1.25, 1.3], [1.3, 1.35], [1.35, 1.4], [1.4, 1.45], [1.45, 1.5], [1.5, 1.55], [1.55, 1.6], [1.6, 1.65], [1.65, 1.7], [1.7, 1.75], [1.75, 1.8], [1.8, 1.85], [1.85, 1.9], [1.9, 1.95], [1.95, 2.0], [2.0, 2.05], [2.05, 2.1], [2.1, 2.15], [2.15, 2.2], [2.2, 2.25], [2.25, 2.3], [2.3, 2.35], [2.35, 2.4], [2.4, 2.45], [2.45, 2.5], [2.5, 2.55], [2.55, 2.6], [2.6, 2.65], [2.65, 2.7], [2.7, 2.75], [2.75, 2.8], [2.8, 2.85], [2.85, 2.9], [2.9, 2.95], [2.95, 3.0], [3.0, 3.05], [3.05, 3.183333333333333], [3.183333333333333, 3.2], [3.2, 3.25], [3.25, 3.3], [3.3, 3.35], [3.35, 3.4], [3.4, 3.45], [3.45, 3.5], [3.5, 3.55], [3.55, 3.6], [3.6, 3.65], [3.65, 3.7], [3.7, 3.75], [3.75, 3.8], [3.8, 3.85], [3.85, 3.9], [3.9, 3.95], [3.95, 4.0], [4.0, 4.05], [4.05, 4.1], [4.1, 4.15], [4.15, 4.2], [4.2, 4.25], [4.25, 4.3], [4.3, 4.35], [4.35, 4.45], [4.45, 4.5], [4.5, 4.55], [4.55, 4.6], [4.6, 4.65], [4.65, 4.7], [4.7, 4.75], [4.75, 4.8], [4.8, 4.85], [4.85, 4.9], [4.9, 4.95], [4.95, 5.0], [5.0, 5.05], [5.05, 5.1], [5.1, 5.15], [5.15, 5.2], [5.2, 5.25], [5.25, 5.3], [5.3, 5.35], [5.35, 5.4], [5.4, 5.45], [5.45, 5.5], [5.5, 5.55], [5.55, 5.6], [5.6, 5.65], [5.65, 5.7], [5.7, 5.75], [5.75, 5.8], [5.8, 5.85], [5.85, 5.9]], "type": ["histogram"]}