{"uncertainties": [[-0.1, 0.1], [-0.1, 0.1], [-0.1, 0.1], [-0.1, 0.1], [-0.1, 0.1], [-0.1, 0.1], [-0.1, 0.1], [-0.1, 0.1], [-0.1, 0.1], [-0.1, 0.1], [-0.1, 0.1], [-0.1, 0.1], [-0.1, 0.1], [-0.1, 0.1], [-0.1, 0.1], [-0.1, 0.1], [-0.1, 0.1], [-0.1, 0.1], [-0.1, 0.1], [-0.1, 0.1], [-0.1, 0.1], [-0.1, 0.1], [-0.1, 0.1], [-0.1, 0.1], [-0.1, 0.1], [-0.1, 0.1], [-0.1, 0.1], [-0.1, 0.1], [-0.1, 0.1], [-0.1, 0.1], [-0.1, 0.1], [-0.1, 0.1], [-0.1, 0.1], [-0.1, 0.1], [-0.1, 0.1], [-0.1, 0.1], [-0.1, 0.1], [-0.1, 0.1], [-0.1, 0.1], [-0.1, 0.1], [-0.1, 0.1], [-0.1, 0.1], [-0.1, 0.1], [-0.1, 0.1], [-0.1, 0.1], [-0.1, 0.1], [-0.1, 0.1], [-0.1, 0.1], [-0.1, 0.1], [-0.1, 0.1], [-0.1, 0.1], [-0.1, 0.1], [-0.1, 0.1], [-0.1, 0.1], [-0.1, 0.1], [-0.1, 0.1], [-0.1, 0.1], [-0.1, 0.1], [-0.1, 0.1], [-0.1, 0.1], [-0.1, 0.1], [-0.1, 0.1], [-0.1, 0.1], [-0.1, 0.1], [-0.1, 0.1], [-0.1, 0.1], [-0.1, 0.1], [-0.1, 0.1], [-0.1, 0.1], [-0.1, 0.1], [-0.1, 0.1], [-0.1, 0.1], [-0.1, 0.1], [-0.1, 0.1], [-0.1, 0.1], [-0.1, 0.1], [-0.1, 0.1], [-0.1, 0.1], [-0.1, 0.1], [-0.1, 0.1], [-0.1, 0.1], [-0.1, 0.1], [-0.1, 0.1], [-0.1, 0.1], [-0.1, 0.1], [-0.1, 0.1], [-0.1, 0.1], [-0.1, 0.1], [-0.1, 0.1], [-0.1, 0.1], [-0.1, 0.1], [-0.1, 0.1], [-0.1, 0.1], [-0.1, 0.1], [-0.1, 0.1], [-0.1, 0.1], [-0.1, 0.1], [-0.1, 0.1], [-0.1, 0.1], [-0.1, 0.1]], "axis_titles": ["LumiInst_GP", "Offset_time", "Luminosity/LumiInst_GP"], "values": [17.275822614595434, 17.284430487640797, 17.275772001155737, 17.295676943959556, 17.32251225453682, 17.271037895631423, 17.255380343175258, 17.221570560270624, 17.271779087556414, 17.213574858580927, 17.22249934468141, 17.222041881667867, 17.230912041287176, 17.220338304648223, 17.192745033770084, 17.22823607813608, 15.772625702884026, 15.020748751733398, 14.988026304675362, 14.996875994002783, 14.989948374401669, 15.001923312216405, 14.99154029330583, 14.937898978746457, 14.943964272137464, 14.955721167681586, 14.973823777231912, 14.973085642234667, 14.95533625149344, 14.965183819417701, 14.92864014603979, 14.96855355323084, 14.943105719857071, 14.881721312801965, 14.941672183066064, 14.908058569976662, 14.89821500492673, 14.912938829410107, 14.921898440417614, 14.885003368628425, 14.888121211410903, 14.907685748231952, 14.925792520313395, 14.889027048115262, 14.850303130151218, 14.924525130778301, 14.883905955135987, 14.908969123700588, 14.87569860620089, 14.902739414474526, 14.896177396808504, 14.943585053837758, 14.91888691625786, 14.926834909695458, 14.974024825241939, 14.938453574445424, 14.931892042420856, 14.93151886843849, 14.949069058388913, 14.920427307374293, 14.951981531307803, 14.915182111236264, 14.886072247659262, 14.931186878875597, 14.937817842299616, 14.931686653481725, 14.913376510943563, 14.918414078087052, 14.94330147188702, 14.890914699430649, 14.899488750933587, 14.905501202409992, 14.926322514121688, 14.942678204139208, 14.902031355951857, 14.953190101688342, 14.867839029247294, 14.893797781184924, 14.885070924760724, 14.904461630392554, 14.895497710887174, 14.92711655005354, 14.960134692461425, 15.206727201030555, 15.20242957554233, 14.693617287546282, 15.23251295781973, 15.371469648664952, 15.050156556919221, 15.112179482081201, 15.170643959508709, 15.04628263903802, 15.258298721159573, 15.203591830283019, 15.155155707070364, 15.255433636019854, 14.831138260681566, 15.162318412995615, 14.940274763773607, 14.987282091062491], "binning": [[0.15000000000000002, 0.2], [0.2, 0.25], [0.25, 0.3], [0.3, 0.35], [0.35, 0.4], [0.4, 0.45], [0.45, 0.5], [0.5, 0.55], [0.55, 0.6], [0.6, 0.65], [0.65, 0.7], [0.7, 0.75], [0.75, 0.8], [0.8, 0.85], [0.85, 0.9], [0.9, 0.95], [0.95, 1.0], [1.0, 1.05], [1.05, 1.1], [1.1, 1.15], [1.15, 1.2], [1.2, 1.25], [1.25, 1.3], [1.3, 1.35], [1.35, 1.4], [1.4, 1.45], [1.45, 1.5], [1.5, 1.55], [1.55, 1.6], [1.6, 1.65], [1.65, 1.7], [1.7, 1.75], [1.75, 1.8], [1.8, 1.85], [1.85, 1.9], [1.9, 1.95], [1.95, 2.0], [2.0, 2.05], [2.05, 2.1], [2.1, 2.15], [2.15, 2.2], [2.2, 2.25], [2.25, 2.3], [2.3, 2.35], [2.35, 2.4], [2.4, 2.45], [2.45, 2.5], [2.5, 2.55], [2.55, 2.6], [2.6, 2.65], [2.65, 2.7], [2.7, 2.75], [2.75, 2.8], [2.8, 2.85], [2.85, 2.9], [2.9, 2.95], [2.95, 3.0], [3.0, 3.05], [3.05, 3.183333333333333], [3.183333333333333, 3.2], [3.2, 3.25], [3.25, 3.3], [3.3, 3.35], [3.35, 3.4], [3.4, 3.45], [3.45, 3.5], [3.5, 3.55], [3.55, 3.6], [3.6, 3.65], [3.65, 3.7], [3.7, 3.75], [3.75, 3.8], [3.8, 3.85], [3.85, 3.9], [3.9, 3.95], [3.95, 4.0], [4.0, 4.05], [4.05, 4.1], [4.1, 4.15], [4.15, 4.2], [4.2, 4.25], [4.25, 4.3], [4.3, 4.35], [4.35, 4.45], [4.45, 4.55], [4.55, 4.6], [4.6, 4.7], [4.7, 4.8], [4.8, 4.85], [4.85, 4.95], [4.95, 5.05], [5.05, 5.1], [5.1, 5.2], [5.2, 5.3], [5.3, 5.35], [5.35, 5.45], [5.45, 5.55], [5.55, 5.6], [5.6, 5.7], [5.7, 5.8]], "type": ["histogram"]}