{"uncertainties": [[-0.1, 0.1], [-0.1, 0.1], [-0.1, 0.1], [-0.1, 0.1], [-0.1, 0.1], [-0.1, 0.1], [-0.1, 0.1], [-0.1, 0.1], [-0.1, 0.1], [-0.1, 0.1], [-0.1, 0.1], [-0.1, 0.1], [-0.1, 0.1], [-0.1, 0.1], [-0.1, 0.1], [-0.1, 0.1], [-0.1, 0.1], [-0.1, 0.1], [-0.1, 0.1], [-0.1, 0.1], [-0.1, 0.1], [-0.1, 0.1], [-0.1, 0.1], [-0.1, 0.1], [-0.1, 0.1], [-0.1, 0.1], [-0.1, 0.1], [-0.1, 0.1], [-0.1, 0.1], [-0.1, 0.1], [-0.1, 0.1], [-0.1, 0.1]], "axis_titles": ["DCBCTtotalIntensity", "Offset_time", "Beam1/DCBCTtotalIntensity"], "values": [1919396.3341666665, 1918275.8733823528, 1918946.2210411765, 1918275.8733823528, 1918270.0275, 1918113.1210411766, 1918221.9141, 1917375.6075, 1917574.3675, 1917721.0739823529, 1917427.0386882352, 1916863.1184803923, 1917176.8475, 1916972.2641, 1916789.9622176471, 1915304.2165196077, 1916495.9269235295, 1914914.4910294118, 1915907.856335294, 1916729.6375, 1915352.9322058824, 1915422.6981, 1915319.7857470587, 1915123.7622176472, 1915123.7622176472, 1913453.0204411766, 1913794.030245098, 1914976.7445705882, 1914472.9641, 1913842.7459313725, 1913988.892990196, 1914817.0596568629], "binning": [[-0.033333333333333326, 0.15], [0.15, 0.3333333333333333], [0.3333333333333333, 0.5], [0.5, 0.6833333333333333], [0.6833333333333333, 0.85], [0.85, 1.0333333333333334], [1.0333333333333334, 1.2], [1.2, 1.3666666666666667], [1.3666666666666667, 1.5333333333333334], [1.5333333333333334, 1.7166666666666666], [1.7166666666666666, 1.8833333333333333], [1.8833333333333333, 2.05], [2.05, 2.2333333333333334], [2.2333333333333334, 2.4], [2.4, 2.566666666666667], [2.566666666666667, 2.7333333333333334], [2.7333333333333334, 2.9166666666666665], [2.9166666666666665, 3.0833333333333335], [3.0833333333333335, 3.25], [3.25, 3.433333333333333], [3.433333333333333, 3.6], [3.6, 3.783333333333333], [3.783333333333333, 3.966666666666667], [3.966666666666667, 4.15], [4.15, 4.316666666666666], [4.316666666666666, 4.5], [4.5, 4.666666666666667], [4.666666666666667, 4.833333333333333], [4.833333333333333, 5.016666666666667], [5.016666666666667, 5.2], [5.2, 5.366666666666666], [5.366666666666666, 5.533333333333333]], "type": ["histogram"]}