{"uncertainties": [[-0.1, 0.1], [-0.1, 0.1], [-0.1, 0.1], [-0.1, 0.1], [-0.1, 0.1], [-0.1, 0.1], [-0.1, 0.1], [-0.1, 0.1], [-0.1, 0.1], [-0.1, 0.1], [-0.1, 0.1], [-0.1, 0.1], [-0.1, 0.1], [-0.1, 0.1], [-0.1, 0.1], [-0.1, 0.1], [-0.1, 0.1], [-0.1, 0.1], [-0.1, 0.1], [-0.1, 0.1], [-0.1, 0.1], [-0.1, 0.1], [-0.1, 0.1], [-0.1, 0.1], [-0.1, 0.1], [-0.1, 0.1], [-0.1, 0.1], [-0.1, 0.1], [-0.1, 0.1], [-0.1, 0.1], [-0.1, 0.1], [-0.1, 0.1], [-0.1, 0.1], [-0.1, 0.1], [-0.1, 0.1], [-0.1, 0.1], [-0.1, 0.1], [-0.1, 0.1], [-0.1, 0.1], [-0.1, 0.1], [-0.1, 0.1], [-0.1, 0.1], [-0.1, 0.1], [-0.1, 0.1], [-0.1, 0.1], [-0.1, 0.1], [-0.1, 0.1], [-0.1, 0.1], [-0.1, 0.1], [-0.1, 0.1], [-0.1, 0.1], [-0.1, 0.1], [-0.1, 0.1], [-0.1, 0.1], [-0.1, 0.1], [-0.1, 0.1], [-0.1, 0.1], [-0.1, 0.1], [-0.1, 0.1], [-0.1, 0.1], [-0.1, 0.1], [-0.1, 0.1], [-0.1, 0.1], [-0.1, 0.1], [-0.1, 0.1], [-0.1, 0.1], [-0.1, 0.1], [-0.1, 0.1], [-0.1, 0.1], [-0.1, 0.1], [-0.1, 0.1], [-0.1, 0.1], [-0.1, 0.1], [-0.1, 0.1], [-0.1, 0.1], [-0.1, 0.1], [-0.1, 0.1], [-0.1, 0.1], [-0.1, 0.1], [-0.1, 0.1], [-0.1, 0.1], [-0.1, 0.1], [-0.1, 0.1], [-0.1, 0.1], [-0.1, 0.1], [-0.1, 0.1], [-0.1, 0.1], [-0.1, 0.1], [-0.1, 0.1], [-0.1, 0.1], [-0.1, 0.1], [-0.1, 0.1], [-0.1, 0.1], [-0.1, 0.1], [-0.1, 0.1], [-0.1, 0.1], [-0.1, 0.1], [-0.1, 0.1], [-0.1, 0.1], [-0.1, 0.1], [-0.1, 0.1], [-0.1, 0.1], [-0.1, 0.1], [-0.1, 0.1], [-0.1, 0.1], [-0.1, 0.1], [-0.1, 0.1], [-0.1, 0.1], [-0.1, 0.1], [-0.1, 0.1], [-0.1, 0.1], [-0.1, 0.1], [-0.1, 0.1], [-0.1, 0.1]], "axis_titles": ["Mu", "Offset_time", "Luminosity/Mu"], "values": [0.07546485713510591, 0.07519120282106494, 0.0752286676840964, 0.07519098253138642, 0.07527761670359882, 0.07539441457339616, 0.0751703778344874, 0.07510222998250504, 0.07495507645468572, 0.07517360379446654, 0.07492027600316113, 0.07495911889124961, 0.07495712783154718, 0.07499573426933423, 0.07494971319155792, 0.07482961637918721, 0.07498408742087298, 0.06864869619837016, 0.06537623076551212, 0.06523380975272261, 0.06527232709571498, 0.06524217535926137, 0.06529429501793606, 0.06524910401903448, 0.0650156358333161, 0.06504203438554175, 0.06509320503814253, 0.06517199474423381, 0.06516878208921151, 0.0650915297308754, 0.06513439023561696, 0.0649753377367528, 0.06514905664799275, 0.06503829762694636, 0.06477112844467936, 0.0650320583086801, 0.06488575858937072, 0.0648429155067191, 0.06490699940580334, 0.06494599517135921, 0.06478541324783015, 0.06479898333096028, 0.0648841359218979, 0.06496294374496853, 0.06480292589004297, 0.06463438410568818, 0.06495742756517714, 0.06478063687090563, 0.06488972167878547, 0.06474491524698245, 0.06486260752391233, 0.06483404703146872, 0.06504038387773539, 0.06493288782886397, 0.06496748063523383, 0.06517286978457407, 0.06501804965282647, 0.06498949127408625, 0.06498786707353607, 0.06506425243135953, 0.06493959221935486, 0.06507692866373586, 0.06491676305425809, 0.06479006543150856, 0.06498642212384453, 0.06501528269545594, 0.0649885973403082, 0.06490890436869208, 0.06493082985040495, 0.06503914961708974, 0.06481114169406442, 0.06484845935238599, 0.06487462791573025, 0.06496525048733456, 0.06503643690970191, 0.0648595257735856, 0.065082188839337, 0.06471070726406959, 0.06482369000448479, 0.0647857072787981, 0.06487010328774846, 0.0648310887699083, 0.06496870644530144, 0.0651124144410335, 0.0649911829431492, 0.06492919699378139, 0.06494022371453718, 0.06488996956469237, 0.06476699673691778, 0.06491235810909295, 0.06494674186242469, 0.06474112090958002, 0.06483966234884302, 0.06488504681822536, 0.06469322319069812, 0.06472398959913754, 0.06453283992035808, 0.06460443180988686, 0.06473621881930261, 0.06475152358900921, 0.06468910792123425, 0.06465127273875541, 0.06472320225178685, 0.06475214368253991, 0.06474822632205526, 0.06463735188010672, 0.06470263990562267, 0.06458894292195566, 0.06470476637794935, 0.06470361356569375, 0.06465758635249398, 0.06480355342546647, 0.06480089906440759, 0.06494294254791093], "binning": [[-0.2, 0.0], [0.0, 0.2], [0.2, 0.25], [0.25, 0.3], [0.3, 0.35], [0.35, 0.4], [0.4, 0.45], [0.45, 0.5], [0.5, 0.55], [0.55, 0.6], [0.6, 0.65], [0.65, 0.7], [0.7, 0.75], [0.75, 0.8], [0.8, 0.85], [0.85, 0.9], [0.9, 0.95], [0.95, 1.0], [1.0, 1.05], [1.05, 1.1], [1.1, 1.15], [1.15, 1.2], [1.2, 1.25], [1.25, 1.3], [1.3, 1.35], [1.35, 1.4], [1.4, 1.45], [1.45, 1.5], [1.5, 1.55], [1.55, 1.6], [1.6, 1.65], [1.65, 1.7], [1.7, 1.75], [1.75, 1.8], [1.8, 1.85], [1.85, 1.9], [1.9, 1.95], [1.95, 2.0], [2.0, 2.05], [2.05, 2.1], [2.1, 2.15], [2.15, 2.2], [2.2, 2.25], [2.25, 2.3], [2.3, 2.35], [2.35, 2.4], [2.4, 2.45], [2.45, 2.5], [2.5, 2.55], [2.55, 2.6], [2.6, 2.65], [2.65, 2.7], [2.7, 2.75], [2.75, 2.8], [2.8, 2.85], [2.85, 2.9], [2.9, 2.95], [2.95, 3.0], [3.0, 3.05], [3.05, 3.183333333333333], [3.183333333333333, 3.2], [3.2, 3.25], [3.25, 3.3], [3.3, 3.35], [3.35, 3.4], [3.4, 3.45], [3.45, 3.5], [3.5, 3.55], [3.55, 3.6], [3.6, 3.65], [3.65, 3.7], [3.7, 3.75], [3.75, 3.8], [3.8, 3.85], [3.85, 3.9], [3.9, 3.95], [3.95, 4.0], [4.0, 4.05], [4.05, 4.1], [4.1, 4.15], [4.15, 4.2], [4.2, 4.25], [4.25, 4.3], [4.3, 4.35], [4.35, 4.45], [4.45, 4.5], [4.5, 4.55], [4.55, 4.6], [4.6, 4.65], [4.65, 4.7], [4.7, 4.75], [4.75, 4.8], [4.8, 4.85], [4.85, 4.9], [4.9, 4.95], [4.95, 5.0], [5.0, 5.05], [5.05, 5.1], [5.1, 5.15], [5.15, 5.2], [5.2, 5.25], [5.25, 5.3], [5.3, 5.35], [5.35, 5.4], [5.4, 5.45], [5.45, 5.5], [5.5, 5.55], [5.55, 5.6], [5.6, 5.65], [5.65, 5.7], [5.7, 5.75], [5.75, 5.8], [5.8, 5.85], [5.85, 5.9]], "type": ["histogram"]}