{"uncertainties": [[-0.10000000000000001, 0.10000000000000001], [-0.10000000000000001, 0.10000000000000001], [-0.10000000000000001, 0.10000000000000001], [-0.10000000000000001, 0.10000000000000001], [-0.10000000000000001, 0.10000000000000001], [-0.10000000000000001, 0.10000000000000001], [-0.10000000000000001, 0.10000000000000001], [-0.10000000000000001, 0.10000000000000001], [-0.10000000000000001, 0.10000000000000001], [-0.10000000000000001, 0.10000000000000001], [-0.10000000000000001, 0.10000000000000001], [-0.10000000000000001, 0.10000000000000001], [-0.10000000000000001, 0.10000000000000001], [-0.10000000000000001, 0.10000000000000001], [-0.10000000000000001, 0.10000000000000001], [-0.10000000000000001, 0.10000000000000001], [-0.10000000000000001, 0.10000000000000001], [-0.10000000000000001, 0.10000000000000001], [-0.10000000000000001, 0.10000000000000001], [-0.10000000000000001, 0.10000000000000001], [-0.10000000000000001, 0.10000000000000001]], "values": [1922425.6386882353, 1920370.6478921568, 1922075.6969117648, 1921920.8781000001, 1921491.1086764706, 1922416.7067156862, 1922096.1575, 1921004.4680999999, 1920955.4622176471, 1920224.5008333335, 1920367.3916294118, 1920318.3857470588, 1920220.3739823529, 1921539.824362745, 1920171.3681000001, 1920271.3400999999, 1920171.3681000001, 1919462.5874999999, 1920122.3622176473, 1919263.8274999999, 1919779.3210411766], "axis_title": ["DCBCTtotalIntensity", "Offset_time", "Beam1/DCBCTtotalIntensity"], "binning": [[-0.083333333333333356, 0.083333333333333329], [0.083333333333333329, 0.25], [0.25, 0.41666666666666669], [0.41666666666666669, 0.59999999999999998], [0.59999999999999998, 0.76666666666666672], [0.76666666666666672, 0.93333333333333335], [0.93333333333333335, 1.1000000000000001], [1.1000000000000001, 1.2833333333333334], [1.2833333333333334, 1.45], [1.45, 1.6166666666666667], [1.6166666666666667, 1.8], [1.8, 1.9666666666666666], [1.9666666666666666, 2.1333333333333333], [2.1333333333333333, 2.3166666666666669], [2.3166666666666669, 2.4833333333333334], [2.4833333333333334, 2.6666666666666665], [2.6666666666666665, 2.8333333333333335], [2.8333333333333335, 3.0166666666666666], [3.0166666666666666, 3.1833333333333331], [3.1833333333333331, 3.3500000000000001], [3.3500000000000001, 3.5333333333333332]]}