{"uncertainties": [[-0.10000000000000001, 0.10000000000000001], [-0.10000000000000001, 0.10000000000000001], [-0.10000000000000001, 0.10000000000000001], [-0.10000000000000001, 0.10000000000000001], [-0.10000000000000001, 0.10000000000000001], [-0.10000000000000001, 0.10000000000000001], [-0.10000000000000001, 0.10000000000000001], [-0.10000000000000001, 0.10000000000000001], [-0.10000000000000001, 0.10000000000000001]], "values": [0.06638854252648041, 0.067538528694811015, 0.065687136607591706, 0.074696681413191718, 0.075995830996100161, 0.073727231196218102, 0.074950167248302071, 0.075982985518918925, 0.074395679610468404], "axis_title": ["LumiSpec_GP", "Offset_time", "Luminosity/LumiSpec_GP"], "binning": [[0.049999999999999989, 0.14999999999999999], [0.14999999999999999, 0.25], [0.25, 0.75], [0.75, 1.2], [1.2, 2.5], [2.5, 2.8500000000000001], [2.8500000000000001, 2.8999999999999999], [2.8999999999999999, 3.1000000000000001], [3.1000000000000001, 3.3999999999999999]]}