{"uncertainties": [[-0.10000000000000001, 0.10000000000000001], [-0.10000000000000001, 0.10000000000000001], [-0.10000000000000001, 0.10000000000000001], [-0.10000000000000001, 0.10000000000000001], [-0.10000000000000001, 0.10000000000000001], [-0.10000000000000001, 0.10000000000000001], [-0.10000000000000001, 0.10000000000000001], [-0.10000000000000001, 0.10000000000000001], [-0.10000000000000001, 0.10000000000000001], [-0.10000000000000001, 0.10000000000000001], [-0.10000000000000001, 0.10000000000000001], [-0.10000000000000001, 0.10000000000000001], [-0.10000000000000001, 0.10000000000000001], [-0.10000000000000001, 0.10000000000000001], [-0.10000000000000001, 0.10000000000000001], [-0.10000000000000001, 0.10000000000000001], [-0.10000000000000001, 0.10000000000000001], [-0.10000000000000001, 0.10000000000000001], [-0.10000000000000001, 0.10000000000000001], [-0.10000000000000001, 0.10000000000000001], [-0.10000000000000001, 0.10000000000000001], [-0.10000000000000001, 0.10000000000000001], [-0.10000000000000001, 0.10000000000000001], [-0.10000000000000001, 0.10000000000000001], [-0.10000000000000001, 0.10000000000000001], [-0.10000000000000001, 0.10000000000000001], [-0.10000000000000001, 0.10000000000000001], [-0.10000000000000001, 0.10000000000000001], [-0.10000000000000001, 0.10000000000000001], [-0.10000000000000001, 0.10000000000000001], [-0.10000000000000001, 0.10000000000000001], [-0.10000000000000001, 0.10000000000000001], [-0.10000000000000001, 0.10000000000000001], [-0.10000000000000001, 0.10000000000000001], [-0.10000000000000001, 0.10000000000000001], [-0.10000000000000001, 0.10000000000000001], [-0.10000000000000001, 0.10000000000000001], [-0.10000000000000001, 0.10000000000000001], [-0.10000000000000001, 0.10000000000000001], [-0.10000000000000001, 0.10000000000000001], [-0.10000000000000001, 0.10000000000000001], [-0.10000000000000001, 0.10000000000000001], [-0.10000000000000001, 0.10000000000000001], [-0.10000000000000001, 0.10000000000000001], [-0.10000000000000001, 0.10000000000000001], [-0.10000000000000001, 0.10000000000000001], [-0.10000000000000001, 0.10000000000000001], [-0.10000000000000001, 0.10000000000000001], [-0.10000000000000001, 0.10000000000000001], [-0.10000000000000001, 0.10000000000000001], [-0.10000000000000001, 0.10000000000000001], [-0.10000000000000001, 0.10000000000000001], [-0.10000000000000001, 0.10000000000000001]], "values": [15.550326081768269, 15.734098180316234, 15.411329882667255, 15.675875696886282, 15.636650130651633, 15.809298443691786, 15.785607851712625, 15.237288672121691, 15.300988976404467, 15.2830176275671, 15.275177382206012, 15.256586933605018, 15.249692682050787, 15.274548186493794, 15.2723787401302, 15.252574244930777, 17.317341182266926, 17.459886732674445, 17.49669966299766, 17.460736356242812, 17.468767186650364, 17.431637114195432, 17.478700057574926, 17.473926157551801, 17.527057455863599, 17.419509733543237, 17.498110164691969, 17.471650607269481, 17.455178609502791, 17.479962555419089, 17.42687826572606, 17.460431420920905, 17.468074848763109, 17.480938237456012, 17.431777324472893, 17.391839769324783, 17.390900912101966, 17.416078656720487, 17.4238587199869, 17.295302306677979, 17.595078157700438, 17.552564600393797, 17.564518443737906, 17.485936363648932, 17.062766524685617, 17.34477981436493, 17.443424791395728, 17.580525911829241, 17.426272231641764, 17.370664982789208, 17.36806335559401, 17.207989115625441, 17.19022087863841], "axis_title": ["LumiInst_GP", "Offset_time", "Luminosity/LumiInst_GP"], "binning": [[-0.10000000000000001, 0.0], [0.0, 0.10000000000000001], [0.10000000000000001, 0.14999999999999999], [0.14999999999999999, 0.25], [0.25, 0.34999999999999998], [0.34999999999999998, 0.40000000000000002], [0.40000000000000002, 0.5], [0.5, 0.75], [0.75, 0.80000000000000004], [0.80000000000000004, 0.84999999999999998], [0.84999999999999998, 0.90000000000000002], [0.90000000000000002, 0.94999999999999996], [0.94999999999999996, 1.0], [1.0, 1.05], [1.05, 1.1000000000000001], [1.1000000000000001, 1.1499999999999999], [1.1499999999999999, 1.2], [1.2, 1.25], [1.25, 1.3], [1.3, 1.3500000000000001], [1.3500000000000001, 1.3999999999999999], [1.3999999999999999, 1.45], [1.45, 1.5], [1.5, 1.55], [1.55, 1.6000000000000001], [1.6000000000000001, 1.6499999999999999], [1.6499999999999999, 1.7], [1.7, 1.75], [1.75, 1.8], [1.8, 1.8500000000000001], [1.8500000000000001, 1.8999999999999999], [1.8999999999999999, 1.95], [1.95, 2.0], [2.0, 2.0499999999999998], [2.0499999999999998, 2.1000000000000001], [2.1000000000000001, 2.1499999999999999], [2.1499999999999999, 2.2000000000000002], [2.2000000000000002, 2.25], [2.25, 2.2999999999999998], [2.2999999999999998, 2.3999999999999999], [2.3999999999999999, 2.5], [2.5, 2.6000000000000001], [2.6000000000000001, 2.6499999999999999], [2.6499999999999999, 2.75], [2.75, 2.8500000000000001], [2.8500000000000001, 2.8999999999999999], [2.8999999999999999, 3.0], [3.0, 3.1000000000000001], [3.1000000000000001, 3.1499999999999999], [3.1499999999999999, 3.25], [3.25, 3.3500000000000001], [3.3500000000000001, 3.3999999999999999], [3.3999999999999999, 3.5]]}